{"name":"lookupCityState","phase":"E2E QAT","moduleId":214820,"projectId":148,"category":"Functional","description":null,"application":"DSG (App Group)-DSG CHARGE (103923)","automationContent":"sample content","testAutomationSystem":"Tosca","automationReferenceId":"","requirementIds":["515481"],"testSteps":null,"qtestEnv":"prod","qTestUpdateDTO":{"duId":"APM0206043","notes":"","status":"PASS","reason":"","testEnv":"qlab01","testType":"AST","logTestSteps":true,"testSteps":[{"description":"Test 'lookupCityState' ","order":1,"expected":"response contains '<serviceStatusCode>100</serviceStatusCode>'","actualResult":"response contains '<serviceStatusCode>100</serviceStatusCode>'","status":"PASS"},{"description":"Test 'lookupCityState' ","order":2,"expected":"response contains 'city'","actualResult":"response contains 'city'","status":"PASS"}],"qtestBuildMode":"prod","qtestAutomationRefId":"","qtestProjectId":148,"qtestTestSuiteId":66008}}
